date,type,price,log_price
2014/3/20,GDEA,65,4.17438727
2014/3/21,GDEA,63,4.143134726
2014/3/24,GDEA,65,4.17438727
2014/3/25,GDEA,60,4.094344562
2014/3/26,GDEA,65,4.17438727
2014/3/27,GDEA,60,4.094344562
2014/3/28,GDEA,61.5,4.119037175
2014/3/31,GDEA,60,4.094344562
2014/4/1,GDEA,62,4.127134385
2014/4/8,GDEA,60.8,4.107589789
2014/4/11,GDEA,60,4.094344562
2014/4/14,GDEA,61.8,4.123903364
2014/4/15,GDEA,63.3,4.147885329
2014/4/16,GDEA,63.3,4.147885329
2014/4/18,GDEA,63.8,4.15575319
2014/4/21,GDEA,62,4.127134385
2014/4/22,GDEA,65.8,4.186619838
2014/4/23,GDEA,61,4.110873864
2014/4/24,GDEA,67,4.204692619
2014/4/25,GDEA,71.6,4.271095074
2014/4/30,GDEA,70.88,4.260988306
2014/5/4,GDEA,68.2,4.222444565
2014/5/5,GDEA,66.8,4.201703081
2014/5/9,GDEA,65.12,4.176231722
2014/5/13,GDEA,65.12,4.176231722
2014/5/14,GDEA,67.8,4.216562195
2014/5/15,GDEA,69.5,4.241326753
2014/5/16,GDEA,71.2,4.265492818
2014/5/19,GDEA,74.6,4.312140507
2014/5/20,GDEA,77,4.343805422
2014/5/21,GDEA,74.7,4.313480092
2014/5/22,GDEA,73,4.290459441
2014/5/28,GDEA,63.02,4.143452136
2014/5/29,GDEA,65.18,4.177152673
2014/5/30,GDEA,61.18,4.113820339
2014/6/3,GDEA,63.5,4.151039906
2014/6/5,GDEA,66.38,4.195395806
2014/6/6,GDEA,68.5,4.226833745
2014/6/9,GDEA,62.5,4.135166557
2014/6/10,GDEA,63.5,4.151039906
2014/6/11,GDEA,65.16,4.176845784
2014/6/13,GDEA,66.82,4.202002437
2014/6/16,GDEA,63.32,4.148201235
2014/6/17,GDEA,60.28,4.099000374
2014/6/18,GDEA,60.22,4.098004523
2014/6/19,GDEA,63,4.143134726
2014/6/20,GDEA,63.51,4.151197374
2014/6/23,GDEA,65.35,4.17975744
2014/6/24,GDEA,67.52,4.21242385
2014/6/25,GDEA,68.66,4.229166788
2014/6/26,GDEA,71,4.262679877
2014/6/27,GDEA,68,4.219507705
2014/6/30,GDEA,62.41,4.133725519
2014/7/1,GDEA,58,4.060443011
2014/7/2,GDEA,59.54,4.086648356
2014/7/3,GDEA,61.58,4.120337142
2014/7/4,GDEA,67.68,4.214790715
2014/7/7,GDEA,60.91,4.109397365
2014/7/8,GDEA,57.88,4.058371902
2014/7/9,GDEA,55,4.007333185
2014/7/10,GDEA,50.6,3.923951576
2014/7/11,GDEA,46.5,3.839452313
2014/7/14,GDEA,46,3.828641396
2014/7/15,GDEA,44.99,3.806440243
2014/7/16,GDEA,44.35,3.792112709
2014/7/18,GDEA,44.14,3.787366401
2014/7/23,GDEA,48.55,3.882594195
2014/7/24,GDEA,53.41,3.977997994
2014/7/25,GDEA,58.75,4.073291153
2014/7/28,GDEA,64.63,4.168678699
2014/7/29,GDEA,58.17,4.063369758
2014/8/1,GDEA,63.99,4.158726821
2014/8/4,GDEA,57.84,4.057680578
2014/8/5,GDEA,60,4.094344562
2014/8/6,GDEA,54,3.988984047
2014/8/7,GDEA,48.99,3.891616196
2014/8/8,GDEA,52.12,3.953548752
2014/8/11,GDEA,50.85,3.928880122
2014/8/12,GDEA,50.96,3.931041011
2014/8/13,GDEA,51.65,3.944490196
2014/8/14,GDEA,50.79,3.927699485
2014/8/15,GDEA,52.07,3.952588967
2014/8/18,GDEA,52.01,3.951436008
2014/8/20,GDEA,48.5,3.881563798
2014/8/22,GDEA,43.65,3.776203282
2014/9/2,GDEA,43,3.761200116
2014/9/11,GDEA,38.7,3.6558396
2014/10/8,GDEA,34.83,3.550479084
2014/10/9,GDEA,31.35,3.445214267
2014/10/13,GDEA,28.52,3.350605596
2014/10/14,GDEA,26.5,3.277144733
2014/10/15,GDEA,26.65,3.282789151
2014/10/16,GDEA,26.65,3.282789151
2014/10/17,GDEA,26.9,3.292126287
2014/10/21,GDEA,26.1,3.261935314
2014/10/22,GDEA,24.89,3.214466116
2014/10/23,GDEA,23.8,3.169685581
2014/10/27,GDEA,26,3.258096538
2014/10/30,GDEA,26,3.258096538
2014/11/5,GDEA,26,3.258096538
2014/11/6,GDEA,26,3.258096538
2014/11/7,GDEA,26,3.258096538
2014/11/13,GDEA,26,3.258096538
2014/11/17,GDEA,23.6,3.161246712
2014/11/18,GDEA,24.16,3.184698373
2014/11/20,GDEA,23.9,3.173878459
2014/11/24,GDEA,22.6,3.117949906
2014/11/25,GDEA,22.8,3.126760536
2014/11/28,GDEA,21,3.044522438
2014/12/1,GDEA,21.55,3.070375817
2014/12/2,GDEA,20.55,3.022860941
2014/12/3,GDEA,22.6,3.117949906
2014/12/4,GDEA,24.19,3.185939325
2014/12/5,GDEA,26.02,3.258865473
2014/12/9,GDEA,27.8,3.325036021
2014/12/10,GDEA,29.8,3.394508394
2014/12/11,GDEA,31.6,3.453157121
2014/12/15,GDEA,28.5,3.349904087
2014/12/16,GDEA,28.2,3.339321978
2014/12/17,GDEA,30.49,3.417398761
2014/12/18,GDEA,32.6,3.484312288
2014/12/26,GDEA,29.36,3.379633204
2014/12/29,GDEA,32.21,3.472276963
2015/1/7,GDEA,32.57,3.483391619
2015/1/8,GDEA,29.36,3.379633204
2015/1/9,GDEA,26.44,3.274878015
2015/1/12,GDEA,23.8,3.169685581
2015/1/13,GDEA,21.46,3.066190737
2015/1/16,GDEA,20.6,3.025291076
2015/1/19,GDEA,20.6,3.025291076
2015/1/21,GDEA,20.66,3.028199464
2015/1/22,GDEA,20.66,3.028199464
2015/1/26,GDEA,20.66,3.028199464
2015/1/28,GDEA,20.66,3.028199464
2015/1/30,GDEA,20.68,3.02916705
2015/2/2,GDEA,20.69,3.029650492
2015/2/4,GDEA,20.8,3.034952987
2015/2/6,GDEA,20.8,3.034952987
2015/2/12,GDEA,20.8,3.034952987
2015/2/26,GDEA,20.08,2.999724295
2015/2/27,GDEA,20.88,3.038791763
2015/3/3,GDEA,20.88,3.038791763
2015/3/5,GDEA,20.98,3.043569603
2015/3/6,GDEA,20.98,3.043569603
2015/3/9,GDEA,21,3.044522438
2015/3/10,GDEA,20.89,3.039270576
2015/3/13,GDEA,20.89,3.039270576
2015/3/16,GDEA,20.7,3.0301337
2015/3/17,GDEA,20.61,3.025776395
2015/3/18,GDEA,20.2,3.005682604
2015/3/19,GDEA,21.29,3.058237479
2015/3/20,GDEA,23.31,3.148882453
2015/3/23,GDEA,24.62,3.203559121
2015/3/24,GDEA,26.2,3.265759411
2015/3/25,GDEA,28.82,3.361069591
2015/3/26,GDEA,29.58,3.387098457
2015/3/27,GDEA,32.54,3.482470102
2015/3/30,GDEA,29.89,3.397523976
2015/3/31,GDEA,28.16,3.337902531
2015/4/1,GDEA,30.98,3.433341835
2015/4/2,GDEA,28.19,3.338967305
2015/4/3,GDEA,31.01,3.434309733
2015/4/7,GDEA,34.11,3.529590596
2015/4/8,GDEA,30.7,3.424262655
2015/4/9,GDEA,27.63,3.318902139
2015/4/10,GDEA,24.87,3.213662258
2015/4/13,GDEA,22.38,3.108167703
2015/4/14,GDEA,20.14,3.002707887
2015/4/15,GDEA,19.06,2.947591898
2015/4/16,GDEA,20.97,3.043092845
2015/4/17,GDEA,20.21,3.006177531
2015/4/20,GDEA,18.19,2.900871993
2015/4/21,GDEA,19.82,2.986691529
2015/4/22,GDEA,21.8,3.08190997
2015/4/23,GDEA,21.65,3.075005454
2015/4/24,GDEA,23.82,3.170525564
2015/4/27,GDEA,23.65,3.163363115
2015/4/28,GDEA,26.02,3.258865473
2015/4/29,GDEA,23.46,3.155296843
2015/4/30,GDEA,25.81,3.250762014
2015/5/4,GDEA,28.39,3.34603697
2015/5/5,GDEA,29.98,3.400530493
2015/5/6,GDEA,32.98,3.495901317
2015/5/11,GDEA,29.68,3.390473418
2015/5/12,GDEA,26.8,3.288401888
2015/5/15,GDEA,24.2,3.186352633
2015/5/19,GDEA,22.6,3.117949906
2015/5/20,GDEA,23.52,3.157851123
2015/5/21,GDEA,21.17,3.052585085
2015/5/22,GDEA,19.06,2.947591898
2015/5/25,GDEA,20.97,3.043092845
2015/5/26,GDEA,18.96,2.942331497
2015/5/27,GDEA,17.3,2.850706502
2015/5/28,GDEA,17,2.833213344
2015/5/29,GDEA,16.56,2.806990149
2015/6/1,GDEA,18.22,2.902519892
2015/6/2,GDEA,16.5,2.803360381
2015/6/3,GDEA,17.66,2.871302195
2015/6/4,GDEA,18,2.890371758
2015/6/8,GDEA,19.8,2.985681938
2015/6/9,GDEA,18,2.890371758
2015/6/10,GDEA,17.71,2.874129452
2015/6/11,GDEA,16.99,2.832624936
2015/6/12,GDEA,17.87,2.883123329
2015/6/15,GDEA,17.22,2.846071499
2015/6/16,GDEA,17.72,2.874693945
2015/6/17,GDEA,17.47,2.860485124
2015/6/18,GDEA,18.17,2.899771882
2015/6/19,GDEA,16.35,2.794227897
2015/6/23,GDEA,14.72,2.689207113
2015/6/24,GDEA,14.91,2.702032129
2015/6/25,GDEA,15.49,2.740194654
2015/6/26,GDEA,14,2.63905733
2015/6/29,GDEA,15.28,2.726544784
2015/6/30,GDEA,16,2.772588722
2015/7/1,GDEA,15.5,2.740840024
2015/7/2,GDEA,15.44,2.736961545
2015/7/3,GDEA,15.5,2.740840024
2015/7/6,GDEA,15.24,2.72392355
2015/7/7,GDEA,16,2.772588722
2015/7/8,GDEA,15,2.708050201
2015/7/9,GDEA,15.99,2.771963527
2015/7/10,GDEA,15.19,2.720637317
2015/7/13,GDEA,16.01,2.773213527
2015/7/14,GDEA,15.52,2.742129515
2015/7/21,GDEA,15.53,2.742773637
2015/7/22,GDEA,15.84,2.762538386
2015/7/23,GDEA,15.56,2.744703519
2015/7/24,GDEA,16.42,2.798500104
2015/7/27,GDEA,16.45,2.800325477
2015/7/28,GDEA,16.45,2.800325477
2015/7/29,GDEA,14.81,2.695302628
2015/7/30,GDEA,15.14,2.717340248
2015/7/31,GDEA,15.2,2.721295428
2015/8/3,GDEA,16.3,2.791165108
2015/8/4,GDEA,16.46,2.800933195
2015/8/5,GDEA,16.5,2.803360381
2015/8/6,GDEA,16.48,2.802147524
2015/8/12,GDEA,16.18,2.783775912
2015/8/13,GDEA,16.5,2.803360381
2015/8/14,GDEA,16.5,2.803360381
2015/8/17,GDEA,16.5,2.803360381
2015/8/18,GDEA,15.72,2.754933787
2015/8/19,GDEA,15.51,2.741484977
2015/8/20,GDEA,16.41,2.797890905
2015/8/21,GDEA,17.48,2.86105737
2015/8/24,GDEA,18.27,2.90526037
2015/8/25,GDEA,16.6,2.809402695
2015/8/26,GDEA,16.08,2.777576264
2015/8/28,GDEA,17.69,2.872999508
2015/8/31,GDEA,19.4,2.965273066
2015/9/1,GDEA,18,2.890371758
2015/9/2,GDEA,16.2,2.785011242
2015/9/7,GDEA,15.53,2.742773637
2015/9/9,GDEA,16.94,2.829677689
2015/9/10,GDEA,16.93,2.829087196
2015/9/11,GDEA,18.53,2.91939104
2015/9/14,GDEA,18.26,2.904712875
2015/9/15,GDEA,19.63,2.977059008
2015/9/16,GDEA,18,2.890371758
2015/9/18,GDEA,16.2,2.785011242
2015/9/21,GDEA,15.5,2.740840024
2015/9/22,GDEA,15.92,2.76757618
2015/9/23,GDEA,16.5,2.803360381
2015/10/13,GDEA,15.98,2.77133794
2015/10/15,GDEA,15.5,2.740840024
2015/10/16,GDEA,15.27,2.725890119
2015/10/19,GDEA,15,2.708050201
2015/10/21,GDEA,15,2.708050201
2015/10/22,GDEA,15,2.708050201
2015/10/23,GDEA,15,2.708050201
2015/10/26,GDEA,15.5,2.740840024
2015/10/27,GDEA,15,2.708050201
2015/10/28,GDEA,14.99,2.707383312
2015/11/2,GDEA,14.98,2.706715978
2015/11/3,GDEA,15.75,2.756840365
2015/11/4,GDEA,14.96,2.705379973
2015/11/5,GDEA,16.46,2.800933195
2015/11/6,GDEA,15.44,2.736961545
2015/11/9,GDEA,15,2.708050201
2015/11/10,GDEA,15,2.708050201
2015/11/11,GDEA,15.29,2.72719902
2015/11/12,GDEA,14.91,2.702032129
2015/11/20,GDEA,14.69,2.68716699
2015/11/23,GDEA,14.95,2.7047113
2015/11/24,GDEA,14.99,2.707383312
2015/11/26,GDEA,15,2.708050201
2015/11/27,GDEA,15,2.708050201
2015/11/30,GDEA,15,2.708050201
2015/12/1,GDEA,15.3,2.727852828
2015/12/2,GDEA,15,2.708050201
2015/12/11,GDEA,15.2,2.721295428
2015/12/17,GDEA,14,2.63905733
2015/12/18,GDEA,15.1,2.714694744
2015/12/23,GDEA,15.45,2.737609003
2015/12/24,GDEA,15.76,2.757475084
2015/12/25,GDEA,16.2,2.785011242
2015/12/28,GDEA,16.9,2.827313622
2015/12/29,GDEA,17.4,2.856470206
2015/12/30,GDEA,18.85,2.936512914
2015/12/31,GDEA,18.85,2.936512914
2016/1/4,GDEA,15.1,2.714694744
2016/1/7,GDEA,18.45,2.91506437
2016/1/22,GDEA,16.8,2.821378886
2016/1/25,GDEA,12,2.48490665
2016/1/26,GDEA,16.27,2.789322921
2016/1/27,GDEA,16.22,2.786245049
2016/1/28,GDEA,15.21,2.721953106
2016/1/29,GDEA,15.01,2.708716646
2016/2/15,GDEA,16.5,2.803360381
2016/2/24,GDEA,16.38,2.796061078
2016/2/25,GDEA,14.75,2.691243083
2016/2/26,GDEA,14.75,2.691243083
2016/2/29,GDEA,15.96,2.770085592
2016/3/2,GDEA,14.36,2.664446564
2016/3/9,GDEA,13.3,2.587764035
2016/3/10,GDEA,13.3,2.587764035
2016/3/11,GDEA,14.43,2.669309373
2016/3/14,GDEA,15.2,2.721295428
2016/3/15,GDEA,15.08,2.713369363
2016/3/16,GDEA,15.98,2.77133794
2016/3/22,GDEA,16.01,2.773213527
2016/3/24,GDEA,16.2,2.785011242
2016/3/29,GDEA,16.4,2.797281335
2016/3/30,GDEA,15.81,2.760642651
2016/3/31,GDEA,14.23,2.655352412
2016/4/1,GDEA,14.31,2.660958594
2016/4/6,GDEA,12.99,2.564179831
2016/4/7,GDEA,13.55,2.606386547
2016/4/8,GDEA,14.23,2.655352412
2016/4/11,GDEA,13.48,2.601207105
2016/4/12,GDEA,12.26,2.506341931
2016/4/13,GDEA,13.49,2.60194867
2016/4/14,GDEA,14.75,2.691243083
2016/4/15,GDEA,16.2,2.785011242
2016/4/18,GDEA,14.58,2.679650727
2016/4/19,GDEA,13.92,2.633326655
2016/4/20,GDEA,13.1,2.57261223
2016/4/21,GDEA,11.88,2.474856314
2016/4/22,GDEA,11.57,2.448415541
2016/4/25,GDEA,12.28,2.507971923
2016/4/26,GDEA,12.09,2.492378665
2016/4/27,GDEA,11.67,2.457021446
2016/4/28,GDEA,11,2.397895273
2016/4/29,GDEA,11.89,2.475697711
2016/5/3,GDEA,12.96,2.561867691
2016/5/4,GDEA,14.23,2.655352412
2016/5/5,GDEA,15.5,2.740840024
2016/5/9,GDEA,16.04,2.775085602
2016/5/10,GDEA,16.2,2.785011242
2016/5/11,GDEA,14.58,2.679650727
2016/5/12,GDEA,14.32,2.661657162
2016/5/13,GDEA,15.6,2.747270914
2016/5/16,GDEA,16.01,2.773213527
2016/5/18,GDEA,15,2.708050201
2016/5/19,GDEA,15.65,2.750470917
2016/5/20,GDEA,15.65,2.750470917
2016/5/23,GDEA,15.65,2.750470917
2016/5/24,GDEA,14.5,2.674148649
2016/5/25,GDEA,15.5,2.740840024
2016/5/27,GDEA,16.2,2.785011242
2016/5/30,GDEA,16.2,2.785011242
2016/5/31,GDEA,14.58,2.679650727
2016/6/1,GDEA,14.58,2.679650727
2016/6/2,GDEA,14.66,2.685122696
2016/6/3,GDEA,14.66,2.685122696
2016/6/6,GDEA,13.19,2.579458967
2016/6/7,GDEA,11.87,2.474014209
2016/6/8,GDEA,10.74,2.373975089
2016/6/12,GDEA,11.54,2.445819261
2016/6/13,GDEA,12.07,2.490723035
2016/6/14,GDEA,12.98,2.563409711
2016/6/15,GDEA,13,2.564949357
2016/6/16,GDEA,12.86,2.554121719
2016/6/17,GDEA,12.7,2.541601993
2016/6/18,GDEA,12.37,2.515274186
2016/6/19,GDEA,12.68,2.540025949
2016/6/20,GDEA,11.74,2.463001814
2016/6/21,GDEA,11.47,2.439734931
2016/6/22,GDEA,11,2.397895273
2016/6/23,GDEA,10.36,2.337952237
2016/6/24,GDEA,9.32,2.232162629
2016/6/27,GDEA,9.43,2.243896097
2016/6/28,GDEA,8.6,2.151762203
2016/6/29,GDEA,9.1,2.208274414
2016/6/30,GDEA,8.76,2.170195905
2016/7/1,GDEA,8.1,2.091864062
2016/7/4,GDEA,8.29,2.115049969
2016/7/6,GDEA,8.29,2.115049969
2016/7/7,GDEA,9.09,2.207174908
2016/7/8,GDEA,9.79,2.281361457
2016/7/11,GDEA,10.77,2.376764491
2016/7/12,GDEA,10.1,2.312535424
2016/7/13,GDEA,10.5,2.351375257
2016/7/14,GDEA,10,2.302585093
2016/7/18,GDEA,10.5,2.351375257
2016/7/19,GDEA,11.3,2.424802726
2016/7/20,GDEA,11.5,2.442347035
2016/7/21,GDEA,11.5,2.442347035
2016/7/25,GDEA,10.41,2.342766883
2016/7/26,GDEA,9.94,2.296567021
2016/7/27,GDEA,9,2.197224577
2016/7/28,GDEA,8.19,2.102913898
2016/8/1,GDEA,8.8,2.174751721
2016/8/3,GDEA,9.68,2.270061901
2016/8/4,GDEA,10.65,2.365559892
2016/8/5,GDEA,10.65,2.365559892
2016/8/8,GDEA,11.4,2.433613355
2016/8/10,GDEA,11.4,2.433613355
2016/8/11,GDEA,10.8,2.379546134
2016/8/12,GDEA,11.34,2.428336298
2016/8/15,GDEA,11.88,2.474856314
2016/8/18,GDEA,10.93,2.391511302
2016/8/19,GDEA,11.89,2.475697711
2016/8/22,GDEA,12.85,2.553343811
2016/8/23,GDEA,13.1,2.57261223
2016/8/24,GDEA,14.3,2.660259537
2016/8/26,GDEA,15.2,2.721295428
2016/8/29,GDEA,14.46,2.671386217
2016/8/30,GDEA,14.05,2.642622396
2016/8/31,GDEA,15.16,2.71866038
2016/9/1,GDEA,15.5,2.740840024
2016/9/2,GDEA,15.58,2.74598804
2016/9/5,GDEA,14.53,2.676215478
2016/9/6,GDEA,15.49,2.740194654
2016/9/7,GDEA,15.49,2.740194654
2016/9/8,GDEA,15.49,2.740194654
2016/9/13,GDEA,13.94,2.634762405
2016/9/14,GDEA,14.22,2.654649424
2016/9/19,GDEA,15.04,2.710713319
2016/9/21,GDEA,13.54,2.605648267
2016/9/22,GDEA,12.54,2.528923535
2016/9/23,GDEA,11.32,2.426571073
2016/9/26,GDEA,12.04,2.48823444
2016/9/27,GDEA,11.42,2.435366204
2016/9/28,GDEA,11.45,2.43798973
2016/9/30,GDEA,10.31,2.333114298
2016/10/10,GDEA,9.8,2.282382386
2016/10/11,GDEA,10.68,2.368372834
2016/10/12,GDEA,10.31,2.333114298
2016/10/13,GDEA,11.3,2.424802726
2016/10/14,GDEA,10.17,2.31944221
2016/10/17,GDEA,11,2.397895273
2016/10/18,GDEA,11.3,2.424802726
2016/10/19,GDEA,12.17,2.498973907
2016/10/20,GDEA,11.7,2.459588842
2016/10/21,GDEA,10.53,2.354228326
2016/10/24,GDEA,10.46,2.347558459
2016/10/25,GDEA,10.65,2.365559892
2016/10/26,GDEA,10.86,2.385086315
2016/10/27,GDEA,10.7,2.370243741
2016/10/28,GDEA,11.7,2.459588842
2016/10/31,GDEA,10.53,2.354228326
2016/11/1,GDEA,9.8,2.282382386
2016/11/2,GDEA,10.73,2.373043557
2016/11/3,GDEA,11.5,2.442347035
2016/11/4,GDEA,12.06,2.489894191
2016/11/7,GDEA,13.2,2.58021683
2016/11/8,GDEA,12.44,2.520917087
2016/11/10,GDEA,11.2,2.415913778
2016/11/11,GDEA,11.33,2.427454075
2016/11/14,GDEA,10.89,2.387844937
2016/11/15,GDEA,11.9,2.4765384
2016/11/16,GDEA,10.79,2.378619779
2016/11/17,GDEA,10.49,2.350422422
2016/11/18,GDEA,10.6,2.360854001
2016/11/21,GDEA,10.13,2.315501318
2016/11/22,GDEA,10.26,2.32825284
2016/11/23,GDEA,10.62,2.362739016
2016/11/24,GDEA,10.88,2.386926241
2016/11/25,GDEA,11.21,2.416806237
2016/11/28,GDEA,11.33,2.427454075
2016/11/29,GDEA,12.45,2.521720623
2016/11/30,GDEA,13.67,2.615203651
2016/12/1,GDEA,13.73,2.61958322
2016/12/2,GDEA,15,2.708050201
2016/12/5,GDEA,14,2.63905733
2016/12/6,GDEA,12.6,2.533696814
2016/12/7,GDEA,12.59,2.532902848
2016/12/8,GDEA,11.56,2.447550863
2016/12/9,GDEA,11.25,2.420368129
2016/12/12,GDEA,12.3,2.509599262
2016/12/13,GDEA,11.2,2.415913778
2016/12/14,GDEA,10.88,2.386926241
2016/12/15,GDEA,11.31,2.42568729
2016/12/16,GDEA,11.82,2.469793012
2016/12/19,GDEA,12.05,2.48906466
2016/12/20,GDEA,12.06,2.489894191
2016/12/21,GDEA,12.44,2.520917087
2016/12/22,GDEA,12.31,2.51041194
2016/12/23,GDEA,12.49,2.524928324
2016/12/26,GDEA,13.74,2.620311287
2016/12/27,GDEA,14.61,2.681706226
2016/12/28,GDEA,13.34,2.59076704
2016/12/29,GDEA,13.78,2.623218266
2016/12/30,GDEA,14.27,2.658159431
2017/1/3,GDEA,15.27,2.725890119
2017/1/4,GDEA,15.93,2.768204124
2017/1/5,GDEA,16.59,2.808800104
2017/1/6,GDEA,17.08,2.837908188
2017/1/9,GDEA,17.73,2.87525812
2017/1/10,GDEA,17.75,2.876385516
2017/1/11,GDEA,18.26,2.904712875
2017/1/12,GDEA,17.65,2.870735783
2017/1/13,GDEA,18.29,2.906354462
2017/1/16,GDEA,18.1,2.895911938
2017/1/17,GDEA,16.52,2.804571768
2017/1/18,GDEA,18.08,2.894806355
2017/1/19,GDEA,17.81,2.879760097
2017/1/20,GDEA,18.36,2.910174385
2017/1/23,GDEA,17.89,2.884241898
2017/1/24,GDEA,17.64,2.870169051
2017/1/25,GDEA,17.77,2.877511642
2017/2/3,GDEA,18,2.890371758
2017/2/6,GDEA,16.3,2.791165108
2017/2/7,GDEA,15.3,2.727852828
2017/2/8,GDEA,13.83,2.626840146
2017/2/9,GDEA,12.87,2.554899022
2017/2/10,GDEA,13.34,2.59076704
2017/2/13,GDEA,13.64,2.613006652
2017/2/14,GDEA,14.02,2.640484882
2017/2/15,GDEA,15.25,2.724579503
2017/2/16,GDEA,15.2,2.721295428
2017/2/17,GDEA,14.96,2.705379973
2017/2/20,GDEA,14.91,2.702032129
2017/2/21,GDEA,14.86,2.698673039
2017/2/22,GDEA,14.27,2.658159431
2017/2/23,GDEA,14.81,2.695302628
2017/2/24,GDEA,14.7,2.687847494
2017/2/27,GDEA,14.7,2.687847494
2017/2/28,GDEA,14.63,2.683074215
2017/3/1,GDEA,15,2.708050201
2017/3/2,GDEA,15.3,2.727852828
2017/3/3,GDEA,15.07,2.712706013
2017/3/6,GDEA,15.02,2.709382646
2017/3/7,GDEA,15.09,2.714032273
2017/3/8,GDEA,14.99,2.707383312
2017/3/9,GDEA,15.07,2.712706013
2017/3/10,GDEA,14.65,2.684440335
2017/3/13,GDEA,14.84,2.697326238
2017/3/14,GDEA,14.83,2.696652156
2017/3/15,GDEA,13.62,2.611539301
2017/3/16,GDEA,14.98,2.706715978
2017/3/17,GDEA,15.51,2.741484977
2017/3/20,GDEA,15.26,2.725235026
2017/3/21,GDEA,15.54,2.743417345
2017/3/22,GDEA,15.31,2.72850621
2017/3/23,GDEA,15.69,2.753023567
2017/3/24,GDEA,15.55,2.744060639
2017/3/27,GDEA,15.63,2.749192144
2017/3/28,GDEA,15.72,2.754933787
2017/3/29,GDEA,15.54,2.743417345
2017/3/30,GDEA,15.54,2.743417345
2017/3/31,GDEA,15.37,2.732417558
2017/4/5,GDEA,15.34,2.730463796
2017/4/6,GDEA,15.32,2.729159164
2017/4/7,GDEA,15.47,2.738902665
2017/4/10,GDEA,15.35,2.731115474
2017/4/11,GDEA,15.12,2.716018371
2017/4/12,GDEA,15.01,2.708716646
2017/4/13,GDEA,15.54,2.743417345
2017/4/14,GDEA,15.18,2.719978772
2017/4/17,GDEA,15,2.708050201
2017/4/18,GDEA,15.96,2.770085592
2017/4/19,GDEA,14.58,2.679650727
2017/4/20,GDEA,14.43,2.669309373
2017/4/21,GDEA,14.12,2.647592232
2017/4/24,GDEA,14.92,2.702702595
2017/4/25,GDEA,14.46,2.671386217
2017/4/26,GDEA,13.99,2.638342789
2017/4/27,GDEA,14.01,2.63977136
2017/4/28,GDEA,14.56,2.678278043
2017/5/2,GDEA,14.77,2.692598097
2017/5/3,GDEA,15.36,2.731766728
2017/5/4,GDEA,14.21,2.653945942
2017/5/5,GDEA,14.1,2.646174797
2017/5/8,GDEA,14.31,2.660958594
2017/5/9,GDEA,14.68,2.686486023
2017/5/10,GDEA,14.7,2.687847494
2017/5/11,GDEA,14.78,2.693274916
2017/5/12,GDEA,14.42,2.668616132
2017/5/15,GDEA,15.47,2.738902665
2017/5/16,GDEA,14.26,2.657458415
2017/5/17,GDEA,14.39,2.666533521
2017/5/18,GDEA,15.38,2.733067964
2017/5/19,GDEA,16.23,2.786861382
2017/5/22,GDEA,17.39,2.855895328
2017/5/23,GDEA,18.9,2.939161922
2017/5/24,GDEA,17.01,2.833801406
2017/5/25,GDEA,15.31,2.72850621
2017/5/26,GDEA,14.52,2.675527009
2017/5/31,GDEA,13.98,2.637627737
2017/6/1,GDEA,13.66,2.614471854
2017/6/2,GDEA,13.94,2.634762405
2017/6/5,GDEA,14.07,2.644044871
2017/6/6,GDEA,13.72,2.618854622
2017/6/7,GDEA,13.5,2.602689685
2017/6/8,GDEA,14.27,2.658159431
2017/6/9,GDEA,13.39,2.59450816
2017/6/12,GDEA,13.5,2.602689685
2017/6/13,GDEA,13.67,2.615203651
2017/6/14,GDEA,13.48,2.601207105
2017/6/15,GDEA,13.47,2.60046499
2017/6/16,GDEA,12.84,2.552565298
2017/6/19,GDEA,12.63,2.536074936
2017/6/20,GDEA,13.09,2.57184858
2017/6/21,GDEA,12.87,2.554899022
2017/6/22,GDEA,12.76,2.546315278
2017/6/23,GDEA,14,2.63905733
2017/6/26,GDEA,14.76,2.691920819
2017/6/27,GDEA,14.88,2.700018029
2017/6/28,GDEA,15.69,2.753023567
2017/6/29,GDEA,14.12,2.647592232
2017/6/30,GDEA,12.85,2.553343811
2017/7/3,GDEA,12.99,2.564179831
2017/7/4,GDEA,11.88,2.474856314
2017/7/5,GDEA,11.11,2.407845604
2017/7/6,GDEA,12.22,2.503073954
2017/7/7,GDEA,12,2.48490665
2017/7/10,GDEA,12.38,2.516082267
2017/7/11,GDEA,12.24,2.504709277
2017/7/12,GDEA,12.04,2.48823444
2017/7/13,GDEA,11.66,2.456164181
2017/7/17,GDEA,12.04,2.48823444
2017/7/19,GDEA,12.59,2.532902848
2017/7/20,GDEA,12.13,2.495681723
2017/7/21,GDEA,11.08,2.405141681
2017/7/24,GDEA,11.06,2.403334996
2017/7/25,GDEA,12.1,2.493205453
2017/7/26,GDEA,12.72,2.543175558
2017/7/27,GDEA,12.51,2.526528324
2017/7/28,GDEA,11.64,2.454447442
2017/7/31,GDEA,11.91,2.477378383
2017/8/1,GDEA,12.98,2.563409711
2017/8/2,GDEA,12.24,2.504709277
2017/8/3,GDEA,11.05,2.402430428
2017/8/4,GDEA,12.16,2.498151877
2017/8/7,GDEA,12.51,2.526528324
2017/8/8,GDEA,11.99,2.484072969
2017/8/9,GDEA,12.09,2.492378665
2017/8/10,GDEA,12.6,2.533696814
2017/8/11,GDEA,12.12,2.494856981
2017/8/14,GDEA,12.22,2.503073954
2017/8/15,GDEA,12.36,2.514465452
2017/8/16,GDEA,12.28,2.507971923
2017/8/21,GDEA,12.28,2.507971923
2017/8/22,GDEA,12.5,2.525728644
2017/8/23,GDEA,12.98,2.563409711
2017/8/24,GDEA,13,2.564949357
2017/8/25,GDEA,13,2.564949357
2017/8/28,GDEA,13.18,2.578700529
2017/8/30,GDEA,13,2.564949357
2017/8/31,GDEA,12.81,2.550226116
2017/9/1,GDEA,12.8,2.549445171
2017/9/4,GDEA,12.7,2.541601993
2017/9/5,GDEA,13,2.564949357
2017/9/6,GDEA,12.89,2.556451817
2017/9/7,GDEA,13.5,2.602689685
2017/9/8,GDEA,12.86,2.554121719
2017/9/11,GDEA,13.5,2.602689685
2017/9/12,GDEA,13.5,2.602689685
2017/9/13,GDEA,13.49,2.60194867
2017/9/14,GDEA,13.57,2.607861474
2017/9/15,GDEA,13.65,2.613739522
2017/9/18,GDEA,13.7,2.617395833
2017/9/19,GDEA,13.7,2.617395833
2017/9/20,GDEA,13.11,2.573375298
2017/9/21,GDEA,14.42,2.668616132
2017/9/22,GDEA,15.47,2.738902665
2017/9/25,GDEA,13.92,2.633326655
2017/9/26,GDEA,13.85,2.628285233
2017/9/27,GDEA,13.78,2.623218266
2017/9/28,GDEA,13.7,2.617395833
2017/9/29,GDEA,13.5,2.602689685
2017/10/9,GDEA,13.5,2.602689685
2017/10/10,GDEA,13.78,2.623218266
2017/10/11,GDEA,13.89,2.631169157
2017/10/13,GDEA,14.1,2.646174797
2017/10/16,GDEA,14,2.63905733
2017/10/17,GDEA,14.92,2.702702595
2017/10/18,GDEA,15.04,2.710713319
2017/10/19,GDEA,14.92,2.702702595
2017/10/20,GDEA,13.7,2.617395833
2017/10/23,GDEA,13.5,2.602689685
2017/10/24,GDEA,14.3,2.660259537
2017/10/25,GDEA,13.1,2.57261223
2017/10/26,GDEA,14.4,2.667228207
2017/10/27,GDEA,13.48,2.601207105
2017/10/30,GDEA,13.33,2.590017134
2017/10/31,GDEA,13.44,2.598235335
2017/11/1,GDEA,13.4,2.595254707
2017/11/2,GDEA,13.6,2.610069793
2017/11/6,GDEA,13.55,2.606386547
2017/11/9,GDEA,13.49,2.60194867
2017/11/10,GDEA,13.43,2.597491011
2017/11/13,GDEA,13.45,2.598979106
2017/11/14,GDEA,14,2.63905733
2017/11/15,GDEA,14.03,2.641197894
2017/11/16,GDEA,13.56,2.607124283
2017/11/17,GDEA,13.5,2.602689685
2017/11/22,GDEA,13.25,2.583997552
2017/11/23,GDEA,13.6,2.610069793
2017/11/24,GDEA,14.49,2.673458756
2017/11/27,GDEA,13.32,2.589266665
2017/11/28,GDEA,14.23,2.655352412
2017/12/4,GDEA,13.5,2.602689685
2017/12/5,GDEA,14.2,2.653241965
2017/12/6,GDEA,13.1,2.57261223
2017/12/7,GDEA,13.15,2.576421759
2017/12/8,GDEA,13.73,2.61958322
2017/12/11,GDEA,13.35,2.591516385
2017/12/12,GDEA,14.69,2.68716699
2017/12/13,GDEA,13.33,2.590017134
2017/12/14,GDEA,13.96,2.636196097
2017/12/15,GDEA,13.7,2.617395833
2017/12/18,GDEA,13.34,2.59076704
2017/12/19,GDEA,13.31,2.588515632
2017/12/20,GDEA,13.08,2.571084346
2017/12/21,GDEA,13.02,2.566486637
2017/12/22,GDEA,13.2,2.58021683
2017/12/26,GDEA,14.17,2.651127054
2017/12/27,GDEA,12.8,2.549445171
2017/12/28,GDEA,12.9,2.557227311
2017/12/29,GDEA,12.91,2.558002205
2018/1/3,GDEA,12.93,2.559550193
2018/1/9,GDEA,14,2.63905733
2018/1/10,GDEA,12.62,2.535282857
2018/1/11,GDEA,12.99,2.564179831
2018/1/12,GDEA,13.9,2.63188884
2018/1/17,GDEA,12.8,2.549445171
2018/1/25,GDEA,12.7,2.541601993
2018/1/26,GDEA,12.9,2.557227311
2018/1/29,GDEA,13,2.564949357
2018/1/30,GDEA,12.7,2.541601993
2018/1/31,GDEA,12.7,2.541601993
2018/2/1,GDEA,12.7,2.541601993
2018/2/2,GDEA,12.95,2.561095788
2018/2/5,GDEA,13.67,2.615203651
2018/2/6,GDEA,14.29,2.659559992
2018/2/7,GDEA,12.87,2.554899022
2018/2/8,GDEA,13.2,2.58021683
2018/2/9,GDEA,12.81,2.550226116
2018/2/26,GDEA,13,2.564949357
2018/2/27,GDEA,12.85,2.553343811
2018/2/28,GDEA,13.39,2.59450816
2018/3/1,GDEA,12.52,2.527327366
2018/3/2,GDEA,13.03,2.567254391
2018/3/5,GDEA,13.12,2.574137784
2018/3/6,GDEA,13.03,2.567254391
2018/3/9,GDEA,13.1,2.57261223
2018/3/12,GDEA,14.41,2.66792241
2018/3/13,GDEA,13.11,2.573375298
2018/3/14,GDEA,13.44,2.598235335
2018/3/15,GDEA,13.4,2.595254707
2018/3/16,GDEA,13.99,2.638342789
2018/3/21,GDEA,13.3,2.587764035
2018/3/22,GDEA,13.21,2.580974119
2018/3/23,GDEA,12.86,2.554121719
2018/3/26,GDEA,13.28,2.586259144
2018/3/27,GDEA,14.6,2.681021529
2018/3/28,GDEA,15.12,2.716018371
2018/3/29,GDEA,16.1,2.778819272
2018/3/30,GDEA,14.49,2.673458756
2018/4/2,GDEA,13.2,2.58021683
2018/4/3,GDEA,13.53,2.604909442
2018/4/9,GDEA,14.31,2.660958594
2018/4/10,GDEA,13.2,2.58021683
2018/4/11,GDEA,13.74,2.620311287
2018/4/12,GDEA,13.8,2.624668592
2018/4/13,GDEA,14.1,2.646174797
2018/4/16,GDEA,13.78,2.623218266
2018/4/17,GDEA,13.75,2.621038824
2018/4/18,GDEA,15.01,2.708716646
2018/4/19,GDEA,13.58,2.608598122
2018/4/20,GDEA,14,2.63905733
2018/4/23,GDEA,13.7,2.617395833
2018/4/24,GDEA,13.66,2.614471854
2018/4/25,GDEA,13.59,2.609334228
2018/4/26,GDEA,13.47,2.60046499
2018/4/27,GDEA,13.88,2.630448955
2018/5/2,GDEA,14.11,2.646883766
2018/5/3,GDEA,14.4,2.667228207
2018/5/4,GDEA,15.52,2.742129515
2018/5/7,GDEA,14.34,2.663052835
2018/5/8,GDEA,14.5,2.674148649
2018/5/9,GDEA,14.34,2.663052835
2018/5/10,GDEA,14.73,2.68988623
2018/5/11,GDEA,14.85,2.697999865
2018/5/14,GDEA,14.6,2.681021529
2018/5/15,GDEA,14.6,2.681021529
2018/5/16,GDEA,15.25,2.724579503
2018/5/17,GDEA,15.75,2.756840365
2018/5/18,GDEA,14.72,2.689207113
2018/5/21,GDEA,14.93,2.703372612
2018/5/22,GDEA,14.97,2.706048198
2018/5/23,GDEA,14.97,2.706048198
2018/5/24,GDEA,15.19,2.720637317
2018/5/25,GDEA,14.91,2.702032129
2018/5/28,GDEA,15,2.708050201
2018/5/29,GDEA,15.19,2.720637317
2018/5/30,GDEA,15.25,2.724579503
2018/5/31,GDEA,15.25,2.724579503
2018/6/1,GDEA,15.43,2.736313666
2018/6/4,GDEA,15.51,2.741484977
2018/6/5,GDEA,15.19,2.720637317
2018/6/6,GDEA,15.32,2.729159164
2018/6/7,GDEA,16.35,2.794227897
2018/6/8,GDEA,15.51,2.741484977
2018/6/11,GDEA,14.98,2.706715978
2018/6/12,GDEA,15.13,2.716679528
2018/6/13,GDEA,14.77,2.692598097
2018/6/14,GDEA,15.02,2.709382646
2018/6/15,GDEA,14.88,2.700018029
2018/6/16,GDEA,14.63,2.683074215
2018/6/18,GDEA,14.88,2.700018029
2018/6/19,GDEA,14.52,2.675527009
2018/6/20,GDEA,14.46,2.671386217
2018/6/21,GDEA,14.61,2.681706226
2018/6/25,GDEA,14.35,2.663749942
2018/6/26,GDEA,14.37,2.6651427
2018/6/28,GDEA,14,2.63905733
2018/7/2,GDEA,14.5,2.674148649
2018/7/3,GDEA,14.12,2.647592232
2018/7/5,GDEA,14.44,2.670002133
2018/7/6,GDEA,13,2.564949357
2018/7/10,GDEA,12.09,2.492378665
2018/7/11,GDEA,13.3,2.587764035
2018/7/13,GDEA,14.2,2.653241965
2018/7/16,GDEA,14.93,2.703372612
2018/7/17,GDEA,14.33,2.662355242
2018/7/18,GDEA,13.87,2.629728234
2018/7/19,GDEA,13.8,2.624668592
2018/7/20,GDEA,13.26,2.584751985
2018/7/23,GDEA,13.71,2.618125494
2018/7/24,GDEA,13.2,2.58021683
2018/7/25,GDEA,13,2.564949357
2018/7/27,GDEA,13,2.564949357
2018/7/30,GDEA,13.68,2.615934912
2018/8/2,GDEA,13.51,2.603430152
2018/8/3,GDEA,13.02,2.566486637
2018/8/6,GDEA,13.39,2.59450816
2018/8/7,GDEA,14.49,2.673458756
2018/8/8,GDEA,13.89,2.631169157
2018/8/9,GDEA,13.73,2.61958322
2018/8/10,GDEA,14.93,2.703372612
2018/8/13,GDEA,14.6,2.681021529
2018/8/14,GDEA,13.88,2.630448955
2018/8/15,GDEA,14.14,2.64900766
2018/8/16,GDEA,14.01,2.63977136
2018/8/17,GDEA,14.82,2.69597762
2018/8/20,GDEA,13.88,2.630448955
2018/8/22,GDEA,13.88,2.630448955
2018/8/23,GDEA,12.98,2.563409711
2018/8/24,GDEA,14.8,2.694627181
2018/8/27,GDEA,14.74,2.690564887
2018/8/28,GDEA,13.8,2.624668592
2018/8/29,GDEA,14.37,2.6651427
2018/8/30,GDEA,14.39,2.666533521
2018/8/31,GDEA,13,2.564949357
2018/9/3,GDEA,12,2.48490665
2018/9/5,GDEA,13.2,2.58021683
2018/9/6,GDEA,14.48,2.672768387
2018/9/7,GDEA,13.45,2.598979106
2018/9/10,GDEA,14.6,2.681021529
2018/9/11,GDEA,16,2.772588722
2018/9/14,GDEA,15.7,2.753660712
2018/9/17,GDEA,14.9,2.701361213
2018/9/18,GDEA,14.07,2.644044871
2018/9/20,GDEA,14.6,2.681021529
2018/9/21,GDEA,15.5,2.740840024
2018/9/25,GDEA,14,2.63905733
2018/9/26,GDEA,14.37,2.6651427
2018/9/27,GDEA,13.88,2.630448955
2018/9/28,GDEA,14.59,2.680336363
2018/10/8,GDEA,13.96,2.636196097
2018/10/9,GDEA,15.31,2.72850621
2018/10/10,GDEA,9.8,2.282382386
2018/10/11,GDEA,9.8,2.282382386
2018/10/12,GDEA,10.31,2.333114298
2018/10/16,GDEA,14.51,2.674838067
2018/10/17,GDEA,15.89,2.765689981
2018/10/18,GDEA,16.08,2.777576264
2018/10/19,GDEA,15.25,2.724579503
2018/10/22,GDEA,16.43,2.799108932
2018/10/23,GDEA,16.94,2.829677689
2018/10/24,GDEA,17.18,2.843745917
2018/10/25,GDEA,17.2,2.844909384
2018/10/26,GDEA,18.29,2.906354462
2018/10/29,GDEA,18.09,2.895359299
2018/10/30,GDEA,17.23,2.846652051
2018/10/31,GDEA,17.16,2.842581094
2018/11/1,GDEA,16.7,2.815408719
2018/11/2,GDEA,16.99,2.832624936
2018/11/5,GDEA,17,2.833213344
2018/11/6,GDEA,17,2.833213344
2018/11/7,GDEA,16.87,2.825536897
2018/11/8,GDEA,15.24,2.72392355
2018/11/9,GDEA,16.76,2.818995095
2018/11/12,GDEA,16.11,2.779440197
2018/11/13,GDEA,15.98,2.77133794
2018/11/14,GDEA,16.2,2.785011242
2018/11/15,GDEA,16.23,2.786861382
2018/11/16,GDEA,17.22,2.846071499
2018/11/19,GDEA,17.53,2.863913699
2018/11/20,GDEA,17.53,2.863913699
2018/11/21,GDEA,17.82,2.880321422
2018/11/22,GDEA,17.82,2.880321422
2018/11/23,GDEA,17.23,2.846652051
2018/11/26,GDEA,17.13,2.840831312
2018/11/27,GDEA,16.71,2.816007343
2018/11/28,GDEA,17.5,2.862200881
2018/11/29,GDEA,17.33,2.852439104
2018/11/30,GDEA,16.78,2.820187701
2018/12/3,GDEA,16.73,2.817203515
2018/12/4,GDEA,17.83,2.880882432
2018/12/5,GDEA,17.61,2.868466923
2018/12/6,GDEA,17.46,2.85991255
2018/12/7,GDEA,17.2,2.844909384
2018/12/10,GDEA,17.06,2.836736542
2018/12/11,GDEA,17.46,2.85991255
2018/12/12,GDEA,17.5,2.862200881
2018/12/13,GDEA,17.43,2.85819286
2018/12/14,GDEA,17.43,2.85819286
2018/12/17,GDEA,17.87,2.883123329
2018/12/18,GDEA,17.89,2.884241898
2018/12/19,GDEA,17.94,2.887032857
2018/12/20,GDEA,17.94,2.887032857
2018/12/21,GDEA,17.52,2.863343086
2018/12/24,GDEA,18.04,2.892591515
2018/12/25,GDEA,18.56,2.921008727
2018/12/26,GDEA,17.65,2.870735783
2018/12/27,GDEA,17.66,2.871302195
2018/12/28,GDEA,18.87,2.937573359
2019/1/2,GDEA,17.01,2.833801406
2019/1/3,GDEA,16.52,2.804571768
2019/1/4,GDEA,14.87,2.69934576
2019/1/7,GDEA,16.36,2.794839331
2019/1/8,GDEA,18,2.890371758
2019/1/9,GDEA,18.84,2.935982269
2019/1/10,GDEA,18.85,2.936512914
2019/1/11,GDEA,19.29,2.959586827
2019/1/14,GDEA,18.97,2.942858784
2019/1/15,GDEA,18.9,2.939161922
2019/1/16,GDEA,18.99,2.943912525
2019/1/17,GDEA,18.96,2.942331497
2019/1/18,GDEA,19,2.944438979
2019/1/21,GDEA,19,2.944438979
2019/1/22,GDEA,18.54,2.91993056
2019/1/24,GDEA,18.57,2.921547375
2019/1/25,GDEA,18.54,2.91993056
2019/1/28,GDEA,18.53,2.91939104
2019/1/29,GDEA,18.39,2.911807039
2019/2/1,GDEA,19.16,2.952824773
2019/2/11,GDEA,17.9,2.884800713
2019/2/12,GDEA,17.9,2.884800713
2019/2/13,GDEA,17.9,2.884800713
2019/2/14,GDEA,18.43,2.913979772
2019/2/15,GDEA,19.43,2.966818263
2019/2/18,GDEA,19.43,2.966818263
2019/2/19,GDEA,19.7,2.980618636
2019/2/20,GDEA,19.99,2.995232149
2019/2/21,GDEA,19.5,2.970414466
2019/2/22,GDEA,20.94,3.041661205
2019/2/25,GDEA,20.51,3.020912572
2019/2/26,GDEA,19.95,2.993229143
2019/2/27,GDEA,19.66,2.978586115
2019/2/28,GDEA,19.56,2.973486665
2019/3/1,GDEA,20.25,3.008154794
2019/3/4,GDEA,18.96,2.942331497
2019/3/5,GDEA,19.11,2.950211758
2019/3/6,GDEA,19.12,2.950734908
2019/3/7,GDEA,19.32,2.961140829
2019/3/8,GDEA,19.39,2.964757469
2019/3/11,GDEA,20.11,3.001217204
2019/3/12,GDEA,21.68,3.076390177
2019/3/13,GDEA,21.45,3.065724645
2019/3/14,GDEA,21.52,3.068982735
2019/3/15,GDEA,21.3,3.058707073
2019/3/18,GDEA,21.07,3.047850228
2019/3/19,GDEA,21.34,3.060583246
2019/3/20,GDEA,21.36,3.061520014
2019/3/21,GDEA,21.16,3.052112607
2019/3/22,GDEA,21.44,3.065258336
2019/3/25,GDEA,21.31,3.059176446
2019/3/26,GDEA,21.36,3.061520014
2019/3/27,GDEA,21.34,3.060583246
2019/3/28,GDEA,21.45,3.065724645
2019/3/29,GDEA,21.71,3.077772984
2019/4/1,GDEA,21.74,3.079153882
2019/4/2,GDEA,21.67,3.075928816
2019/4/3,GDEA,21.94,3.088311455
2019/4/4,GDEA,21.83,3.083285171
2019/4/8,GDEA,21.64,3.074543454
2019/4/9,GDEA,21.49,3.067587711
2019/4/10,GDEA,21.78,3.080992118
2019/4/11,GDEA,21.43,3.064791809
2019/4/12,GDEA,21.85,3.084200922
2019/4/15,GDEA,21.7,3.077312261
2019/4/16,GDEA,21.91,3.086943154
2019/4/17,GDEA,22.24,3.101892469
2019/4/18,GDEA,22.36,3.107273648
2019/4/19,GDEA,22.41,3.109507288
2019/4/22,GDEA,22.5,3.113515309
2019/4/23,GDEA,22.46,3.111735949
2019/4/24,GDEA,22.49,3.113070766
2019/4/25,GDEA,22.47,3.112181086
2019/4/26,GDEA,22.48,3.112626025
2019/4/29,GDEA,22.03,3.092405161
2019/4/30,GDEA,21.88,3.085572978
2019/5/6,GDEA,20.24,3.007660844
2019/5/7,GDEA,20.69,3.029650492
2019/5/8,GDEA,21.63,3.07408124
2019/5/9,GDEA,21.78,3.080992118
2019/5/10,GDEA,21.93,3.087855562
2019/5/13,GDEA,22.04,3.092858984
2019/5/14,GDEA,22.25,3.102342009
2019/5/15,GDEA,22.36,3.107273648
2019/5/16,GDEA,22.42,3.109953418
2019/5/17,GDEA,22.66,3.120601256
2019/5/20,GDEA,23.12,3.140698044
2019/5/21,GDEA,22.73,3.123685638
2019/5/22,GDEA,22.85,3.128951117
2019/5/23,GDEA,22.85,3.128951117
2019/5/24,GDEA,23.08,3.138966442
2019/5/27,GDEA,23.23,3.145444547
2019/5/28,GDEA,22.5,3.113515309
2019/5/29,GDEA,22.66,3.120601256
2019/5/30,GDEA,23.05,3.137665769
2019/5/31,GDEA,23.13,3.141130476
2019/6/3,GDEA,23.2,3.144152279
2019/6/4,GDEA,22.81,3.127199036
2019/6/5,GDEA,22.86,3.129388658
2019/6/6,GDEA,22.9,3.131136911
2019/6/10,GDEA,23.03,3.136797714
2019/6/11,GDEA,22.85,3.128951117
2019/6/12,GDEA,23.06,3.138099515
2019/6/13,GDEA,22.91,3.131573496
2019/6/14,GDEA,22.94,3.132882112
2019/6/17,GDEA,23.2,3.144152279
2019/6/18,GDEA,23.36,3.151025158
2019/6/19,GDEA,23.47,3.15572301
2019/6/20,GDEA,23.27,3.147164977
2019/6/21,GDEA,22.58,3.117064559
2019/6/24,GDEA,22.01,3.091496896
2019/6/25,GDEA,22.81,3.127199036
2019/6/26,GDEA,22.57,3.116621591
2019/6/27,GDEA,22.48,3.112626025
2019/6/28,GDEA,23.64,3.162940193
2019/7/1,GDEA,23.19,3.143721151
2019/7/2,GDEA,23.2,3.144152279
2019/7/3,GDEA,22.71,3.122805356
2019/7/4,GDEA,23.43,3.154017253
2019/7/5,GDEA,23.43,3.154017253
2019/7/8,GDEA,23.65,3.163363115
2019/7/9,GDEA,22.62,3.118834471
2019/7/10,GDEA,22.38,3.108167703
2019/7/11,GDEA,22.83,3.128075461
2019/7/12,GDEA,22.71,3.122805356
2019/7/15,GDEA,22.71,3.122805356
2019/7/16,GDEA,22.71,3.122805356
2019/7/17,GDEA,22.96,3.133753571
2019/7/18,GDEA,23,3.135494216
2019/7/19,GDEA,23.56,3.159550359
2019/7/22,GDEA,23.03,3.136797714
2019/7/23,GDEA,22.97,3.134189017
2019/7/24,GDEA,23,3.135494216
2019/7/25,GDEA,23.11,3.140265424
2019/7/26,GDEA,23.1,3.139832618
2019/7/29,GDEA,22.98,3.134624272
2019/7/30,GDEA,23.1,3.139832618
2019/7/31,GDEA,23.01,3.135928904
2019/8/1,GDEA,23.01,3.135928904
2019/8/2,GDEA,23.05,3.137665769
2019/8/5,GDEA,23.06,3.138099515
2019/8/6,GDEA,23.06,3.138099515
2019/8/7,GDEA,23.01,3.135928904
2019/8/8,GDEA,23.09,3.139399623
2019/8/9,GDEA,23.05,3.137665769
2019/8/12,GDEA,23.07,3.138533072
2019/8/13,GDEA,23.12,3.140698044
2019/8/14,GDEA,23.33,3.149740086
2019/8/15,GDEA,23.76,3.168003494
2019/8/16,GDEA,23.14,3.141562722
2019/8/19,GDEA,23.06,3.138099515
2019/8/20,GDEA,23.98,3.17722015
2019/8/21,GDEA,24.22,3.187178738
2019/8/22,GDEA,23.1,3.139832618
2019/8/23,GDEA,23.72,3.166318574
2019/8/26,GDEA,23.03,3.136797714
2019/8/27,GDEA,23.03,3.136797714
2019/8/28,GDEA,24.22,3.187178738
2019/8/29,GDEA,24.9,3.214867803
2019/8/30,GDEA,25.32,3.231594597
2019/9/2,GDEA,26.09,3.261552099
2019/9/3,GDEA,25.71,3.246880021
2019/9/4,GDEA,25.62,3.243373296
2019/9/5,GDEA,25.74,3.248046202
2019/9/6,GDEA,25.96,3.256556892
2019/9/9,GDEA,25.11,3.223266173
2019/9/10,GDEA,26.03,3.259249719
2019/9/11,GDEA,26.03,3.259249719
2019/9/12,GDEA,25.99,3.257711849
2019/9/16,GDEA,25.4,3.234749174
2019/9/17,GDEA,24.25,3.188416617
2019/9/18,GDEA,25.26,3.229222117
2019/9/19,GDEA,25.11,3.223266173
2019/9/20,GDEA,24.64,3.204371139
2019/9/23,GDEA,25.48,3.237893831
2019/9/24,GDEA,25.25,3.228826156
2019/9/25,GDEA,25.95,3.25617161
2019/9/26,GDEA,25.92,3.255014871
2019/9/27,GDEA,25.99,3.257711849
2019/9/30,GDEA,24.5,3.198673118
2019/10/8,GDEA,26.07,3.260785228
2019/10/9,GDEA,26.58,3.280159053
2019/10/10,GDEA,25,3.218875825
2019/10/11,GDEA,25.62,3.243373296
2019/10/14,GDEA,25.71,3.246880021
2019/10/15,GDEA,25.54,3.240245851
2019/10/16,GDEA,25.43,3.235929579
2019/10/17,GDEA,26.07,3.260785228
2019/10/18,GDEA,26.23,3.266903794
2019/10/21,GDEA,26.23,3.266903794
2019/10/22,GDEA,26.15,3.263849191
2019/10/23,GDEA,26.47,3.276012016
2019/10/24,GDEA,26.19,3.265377659
2019/10/25,GDEA,26.46,3.275634159
2019/10/28,GDEA,26.71,3.285038027
2019/10/29,GDEA,26.1,3.261935314
2019/10/30,GDEA,26.02,3.258865473
2019/10/31,GDEA,26.11,3.262318383
2019/11/1,GDEA,26.01,3.258481079
2019/11/4,GDEA,26.36,3.27184771
2019/11/5,GDEA,26.58,3.280159053
2019/11/6,GDEA,26.12,3.262701304
2019/11/7,GDEA,26.7,3.284663565
2019/11/8,GDEA,26.87,3.291010423
2019/11/11,GDEA,26.75,3.286534473
2019/11/12,GDEA,26.66,3.283164315
2019/11/13,GDEA,26.9,3.292126287
2019/11/14,GDEA,26.27,3.268427604
2019/11/15,GDEA,27.02,3.296577333
2019/11/18,GDEA,27.15,3.301377046
2019/11/19,GDEA,27.43,3.311637305
2019/11/20,GDEA,27.4,3.310543013
2019/11/21,GDEA,27.44,3.312001803
2019/11/22,GDEA,27.47,3.3130945
2019/11/25,GDEA,27.16,3.301745303
2019/11/26,GDEA,26.91,3.292497965
2019/11/27,GDEA,27.15,3.301377046
2019/11/28,GDEA,26.95,3.293983297
2019/11/29,GDEA,26.95,3.293983297
2019/12/2,GDEA,26.9,3.292126287
2019/12/16,GDEA,26.13,3.26308408
2019/12/17,GDEA,26.35,3.271468275
2019/12/18,GDEA,26.41,3.273742726
2019/12/19,GDEA,26.35,3.271468275
2019/12/20,GDEA,26.58,3.280159053
2019/12/23,GDEA,27.07,3.298426104
2019/12/24,GDEA,27.19,3.302849259
2019/12/25,GDEA,27.52,3.314913013
2019/12/26,GDEA,27.26,3.305420426
2019/12/27,GDEA,27.34,3.308350831
2019/12/30,GDEA,28.01,3.332561589
2019/12/31,GDEA,27.88,3.327909586
2020/1/2,GDEA,28.03,3.333275365
2020/1/3,GDEA,28.4,3.346389145
2020/1/6,GDEA,28.43,3.347444926
2020/1/7,GDEA,29.23,3.375195579
2020/1/8,GDEA,28.97,3.366260812
2020/1/9,GDEA,28.93,3.364879119
2020/1/10,GDEA,28.99,3.366950943
2020/1/13,GDEA,29.11,3.371081758
2020/1/14,GDEA,30.16,3.406516543
2020/1/15,GDEA,28.36,3.344979702
2020/1/16,GDEA,28.64,3.354804342
2020/1/17,GDEA,28.75,3.358637767
2020/1/20,GDEA,28.83,3.361416512
2020/1/21,GDEA,27.06,3.298056623
2020/1/22,GDEA,26.67,3.283539338
2020/1/23,GDEA,27.15,3.301377046
2020/2/10,GDEA,28.73,3.357941873
2020/2/11,GDEA,28.17,3.338257582
2020/2/12,GDEA,28.52,3.350605596
2020/2/13,GDEA,28.51,3.350254903
2020/2/14,GDEA,29.23,3.375195579
2020/2/17,GDEA,28.56,3.352007137
2020/2/18,GDEA,28.38,3.345684672
2020/2/19,GDEA,27.23,3.304319307
2020/2/20,GDEA,28.47,3.348850901
2020/2/21,GDEA,28.73,3.357941873
2020/2/24,GDEA,28.67,3.35585128
2020/2/25,GDEA,28.67,3.35585128
2020/2/26,GDEA,28.99,3.366950943
2020/2/27,GDEA,29.68,3.390473418
2020/2/28,GDEA,30.22,3.408503957
2020/3/2,GDEA,30.02,3.401863826
2020/3/3,GDEA,30.1,3.404525172
2020/3/4,GDEA,30.84,3.428812549
2020/3/5,GDEA,30.06,3.403195384
2020/3/6,GDEA,30.73,3.425239376
2020/3/9,GDEA,30.36,3.413125953
2020/3/10,GDEA,30.34,3.412466974
2020/3/11,GDEA,30,3.401197382
2020/3/12,GDEA,29.93,3.398861322
2020/3/13,GDEA,29.98,3.400530493
2020/3/16,GDEA,29.92,3.398527153
2020/3/17,GDEA,29.84,3.395849775
2020/3/18,GDEA,30.18,3.407179453
2020/3/19,GDEA,30.18,3.407179453
2020/3/20,GDEA,30.2,3.407841924
2020/3/23,GDEA,30.04,3.402529827
2020/3/24,GDEA,29.8,3.394508394
2020/3/25,GDEA,29.86,3.396519792
2020/3/26,GDEA,29.49,3.384051223
2020/3/27,GDEA,29.69,3.390810289
2020/3/30,GDEA,29.52,3.385068
2020/3/31,GDEA,29.58,3.387098457
2020/4/1,GDEA,29.2,3.374168709
2020/4/2,GDEA,29.41,3.381334753
2020/4/3,GDEA,29.33,3.378610883
2020/4/7,GDEA,29.38,3.380314171
2020/4/8,GDEA,29.45,3.38269391
2020/4/9,GDEA,29.3,3.377587516
2020/4/10,GDEA,29.01,3.367640598
2020/4/13,GDEA,28.86,3.362456553
2020/4/14,GDEA,28.38,3.345684672
2020/4/15,GDEA,28.48,3.349202087
2020/4/16,GDEA,28.66,3.355502422
2020/4/17,GDEA,28.24,3.340739413
2020/4/20,GDEA,27.61,3.318178026
2020/4/21,GDEA,27.88,3.327909586
2020/4/22,GDEA,28.38,3.345684672
2020/4/23,GDEA,28.03,3.333275365
2020/4/24,GDEA,28.22,3.340030946
2020/4/27,GDEA,28.36,3.344979702
2020/4/28,GDEA,27.99,3.331847304
2020/4/29,GDEA,28.14,3.337192052
2020/4/30,GDEA,27.9,3.328626689
2020/5/6,GDEA,28.32,3.343568269
2020/5/7,GDEA,28.21,3.339676525
2020/5/8,GDEA,28.09,3.335413641
2020/5/11,GDEA,28.09,3.335413641
2020/5/12,GDEA,27.83,3.326114576
2020/5/13,GDEA,27.98,3.331489969
2020/5/14,GDEA,28.17,3.338257582
2020/5/15,GDEA,28.44,3.347796605
2020/5/18,GDEA,28.28,3.342154841
2020/5/19,GDEA,28.49,3.349553149
2020/5/20,GDEA,27.75,3.32323584
2020/5/21,GDEA,28.16,3.337902531
2020/5/22,GDEA,27.75,3.32323584
2020/5/25,GDEA,28.67,3.35585128
2020/5/26,GDEA,27.99,3.331847304
2020/5/27,GDEA,28.38,3.345684672
2020/5/28,GDEA,27.85,3.326832966
2020/5/29,GDEA,28.66,3.355502422
2020/6/1,GDEA,28.18,3.338612506
2020/6/2,GDEA,27.22,3.303951997
2020/6/3,GDEA,28.48,3.349202087
2020/6/4,GDEA,28.1,3.335769576
2020/6/5,GDEA,28.44,3.347796605
2020/6/8,GDEA,27.68,3.320710131
2020/6/9,GDEA,27.77,3.323956301
2020/6/10,GDEA,27.75,3.32323584
2020/6/11,GDEA,27.62,3.318540148
2020/6/12,GDEA,27.75,3.32323584
2020/6/15,GDEA,27.72,3.322154174
2020/6/16,GDEA,27.54,3.315639493
2020/6/17,GDEA,27.39,3.310177983
2020/6/18,GDEA,27.47,3.3130945
2020/6/19,GDEA,27.47,3.3130945
2020/6/22,GDEA,27.49,3.313822302
2020/6/23,GDEA,27.33,3.307985
2020/6/24,GDEA,27.33,3.307985
2020/6/29,GDEA,27.32,3.307619035
2020/7/1,GDEA,27.6,3.317815773
2020/7/2,GDEA,27.35,3.308716529
2020/7/3,GDEA,27.49,3.313822302
2020/7/6,GDEA,27.11,3.299902664
2020/7/7,GDEA,27.09,3.299164656
2020/7/8,GDEA,27.04,3.297317251
2020/7/9,GDEA,27.42,3.311272674
2020/7/10,GDEA,27.54,3.315639493
2020/7/13,GDEA,27.2,3.303216973
2020/7/14,GDEA,27.47,3.3130945
2020/7/15,GDEA,27.05,3.297687005
2020/7/16,GDEA,27.39,3.310177983
2020/7/17,GDEA,27.86,3.327191968
2020/7/20,GDEA,28.48,3.349202087
2020/7/21,GDEA,27.98,3.331489969
2020/7/22,GDEA,28.76,3.358985533
2020/7/23,GDEA,28.42,3.347093123
2020/7/24,GDEA,28.23,3.340385242
2020/7/27,GDEA,27.81,3.325395668
2020/7/28,GDEA,28.42,3.347093123
2020/7/29,GDEA,28.36,3.344979702
2020/7/30,GDEA,28.02,3.332918541
2020/7/31,GDEA,28.35,3.34462703
2020/8/3,GDEA,28.12,3.336481067
2020/8/4,GDEA,27.9,3.328626689
2020/8/5,GDEA,28,3.33220451
2020/8/6,GDEA,28,3.33220451
2020/8/7,GDEA,28.2,3.339321978
2020/8/10,GDEA,28.14,3.337192052
2020/8/11,GDEA,28.02,3.332918541
2020/8/12,GDEA,28,3.33220451
2020/8/13,GDEA,28.29,3.342508385
2020/8/14,GDEA,28.02,3.332918541
2020/8/17,GDEA,28.3,3.342861805
2020/8/18,GDEA,28.04,3.333632062
2020/8/19,GDEA,28.26,3.341447377
2020/8/20,GDEA,28.1,3.335769576
2020/8/21,GDEA,28.12,3.336481067
2020/8/24,GDEA,28.26,3.341447377
2020/8/25,GDEA,28.06,3.334345075
2020/8/26,GDEA,27.95,3.3304172
2020/8/27,GDEA,27.92,3.329343278
2020/8/28,GDEA,27.69,3.321071337
2020/8/31,GDEA,27.5,3.314186005
2020/9/1,GDEA,28.09,3.335413641
2020/9/2,GDEA,27.8,3.325036021
2020/9/3,GDEA,27.81,3.325395668
2020/9/4,GDEA,27.7,3.321432413
2020/9/7,GDEA,27.81,3.325395668
2020/9/8,GDEA,27.54,3.315639493
2020/9/9,GDEA,27.86,3.327191968
2020/9/10,GDEA,27.87,3.327550841
2020/9/11,GDEA,28.05,3.333988632
2020/9/14,GDEA,27.35,3.308716529
2020/9/15,GDEA,28.01,3.332561589
2020/9/17,GDEA,28,3.33220451
2020/9/18,GDEA,27.57,3.316728225
2020/9/21,GDEA,27.89,3.328268202
2020/9/22,GDEA,27.31,3.307252935
2020/9/23,GDEA,27.99,3.331847304
2020/9/24,GDEA,27.41,3.31090791
2020/9/25,GDEA,27.97,3.331132507
2020/9/28,GDEA,27.5,3.314186005
2020/9/29,GDEA,27.84,3.326473835
2020/9/30,GDEA,27.53,3.315276319
2020/10/9,GDEA,27.24,3.304686481
2020/10/12,GDEA,27.84,3.326473835
2020/10/13,GDEA,28.42,3.347093123
2020/10/14,GDEA,27.45,3.312366168
2020/10/15,GDEA,27.11,3.299902664
2020/10/16,GDEA,27.78,3.324316337
2020/10/19,GDEA,27.22,3.303951997
2020/10/20,GDEA,27.89,3.328268202
2020/10/21,GDEA,27.48,3.313458467
2020/10/22,GDEA,27.88,3.327909586
2020/10/23,GDEA,27.5,3.314186005
2020/10/26,GDEA,27.5,3.314186005
2020/10/27,GDEA,27.21,3.303584553
2020/10/28,GDEA,27.34,3.308350831
2020/10/29,GDEA,27.49,3.313822302
2020/10/30,GDEA,27.47,3.3130945
2020/11/2,GDEA,27.81,3.325395668
2020/11/3,GDEA,27.89,3.328268202
2020/11/4,GDEA,27.21,3.303584553
2020/11/5,GDEA,27.68,3.320710131
2020/11/6,GDEA,27.4,3.310543013
2020/11/9,GDEA,27.49,3.313822302
2020/11/10,GDEA,27.39,3.310177983
2020/11/11,GDEA,27.83,3.326114576
2020/11/12,GDEA,27.79,3.324676244
2020/11/13,GDEA,27.79,3.324676244
2020/11/14,GDEA,27.8,3.325036021
2020/11/15,GDEA,28.06,3.334345075
2020/11/16,GDEA,27.92,3.329343278
2020/11/17,GDEA,28.02,3.332918541
2020/11/18,GDEA,28.19,3.338967305
2020/11/19,GDEA,27.89,3.328268202
2020/11/20,GDEA,27.98,3.331489969
2020/11/21,GDEA,27.97,3.331132507
2020/11/22,GDEA,27.99,3.331847304
2020/11/23,GDEA,28.09,3.335413641
2020/11/24,GDEA,28.22,3.340030946
2020/11/25,GDEA,28.15,3.337547355
2020/11/26,GDEA,28.11,3.336125385
2020/11/27,GDEA,28.17,3.338257582
2020/11/28,GDEA,28.08,3.335057579
2020/11/29,GDEA,27.8,3.325036021
2020/11/30,GDEA,27.47,3.3130945
2020/12/1,GDEA,27.71,3.321793359
2020/12/2,GDEA,28,3.33220451
2020/12/3,GDEA,27.85,3.326832966
2020/12/4,GDEA,28.19,3.338967305
2020/12/7,GDEA,28.19,3.338967305
2020/12/9,GDEA,28.37,3.345332249
2020/12/10,GDEA,28.38,3.345684672
2020/12/11,GDEA,28.44,3.347796605
2020/12/14,GDEA,28.38,3.345684672
2020/12/16,GDEA,28.44,3.347796605
2020/12/17,GDEA,28.45,3.348148161
2020/12/18,GDEA,28.36,3.344979702
2020/12/21,GDEA,28.26,3.341447377
2020/12/22,GDEA,28.34,3.344274234
2020/12/23,GDEA,28.16,3.337902531
2020/12/24,GDEA,28.39,3.34603697
2020/12/25,GDEA,28.85,3.362109993
2020/12/28,GDEA,28.88,3.363149314
2020/12/29,GDEA,28.24,3.340739413
2020/12/30,GDEA,28.37,3.345332249
2020/12/31,GDEA,28.41,3.346741196
2021/1/4,GDEA,28.86,3.362456553
2021/1/7,GDEA,29.04,3.36867419
2021/1/8,GDEA,29.47,3.383372797
2021/1/11,GDEA,30.49,3.417398761
2021/1/12,GDEA,28.91,3.364187556
2021/1/13,GDEA,30.1,3.404525172
2021/1/14,GDEA,30.46,3.416414347
2021/1/15,GDEA,30.41,3.414771502
2021/1/18,GDEA,30.48,3.417070731
2021/1/19,GDEA,31.1,3.437207819
2021/1/20,GDEA,31.65,3.454738149
2021/1/21,GDEA,31.65,3.454738149
2021/1/22,GDEA,31.82,3.460095023
2021/1/25,GDEA,31.9,3.46260601
2021/1/26,GDEA,31.28,3.442978916
2021/1/27,GDEA,31.02,3.434632158
2021/1/28,GDEA,31.35,3.445214267
2021/1/29,GDEA,31.35,3.445214267
2021/2/1,GDEA,31.05,3.435598808
2021/2/2,GDEA,31.16,3.439135221
2021/2/3,GDEA,31.01,3.434309733
2021/2/4,GDEA,30.64,3.422306345
2021/2/5,GDEA,30.85,3.42913675
2021/2/8,GDEA,30.93,3.431726587
2021/2/9,GDEA,32.25,3.473518043
2021/2/10,GDEA,32.28,3.474447843
2021/2/18,GDEA,31.99,3.465423354
2021/2/19,GDEA,32.27,3.474138006
2021/2/22,GDEA,32.17,3.471034341
2021/2/23,GDEA,32.09,3.468544455
2021/2/24,GDEA,31.82,3.460095023
2021/2/25,GDEA,32.18,3.471345142
2021/2/26,GDEA,31.99,3.465423354
2021/3/1,GDEA,32.12,3.469478889
2021/3/3,GDEA,32.46,3.480008562
2021/3/4,GDEA,32.99,3.496204485
2021/3/5,GDEA,33.9,3.523415014
2021/3/8,GDEA,35.27,3.563032744
2021/3/9,GDEA,35.5,3.569532696
2021/3/11,GDEA,35.41,3.566994266
2021/3/12,GDEA,35.24,3.562181801
2021/3/16,GDEA,35.28,3.563316231
2021/3/17,GDEA,35.01,3.555633735
2021/3/18,GDEA,35.01,3.555633735
2021/3/19,GDEA,35.53,3.57037741
2021/3/22,GDEA,36.06,3.585184218
2021/3/23,GDEA,36.41,3.594843462
2021/3/24,GDEA,36.48,3.596764165
2021/3/25,GDEA,36.6,3.60004824
2021/3/26,GDEA,36.85,3.606855619
2021/3/29,GDEA,36.73,3.60359386
2021/3/30,GDEA,36.27,3.590990953
2021/3/31,GDEA,36.28,3.591266625
2021/4/1,GDEA,37.56,3.625939654
2021/4/2,GDEA,37.51,3.624607564
2021/4/6,GDEA,36.75,3.604138226
2021/4/7,GDEA,36.74,3.60386608
2021/4/8,GDEA,37.09,3.613347392
2021/4/9,GDEA,36.65,3.601413428
2021/4/12,GDEA,36.69,3.602504238
2021/4/13,GDEA,36.94,3.609294975
2021/4/14,GDEA,36.99,3.610647606
2021/4/15,GDEA,37,3.610917913
2021/4/16,GDEA,37.18,3.615770982
2021/4/19,GDEA,37.19,3.616039908
2021/4/20,GDEA,37.13,3.614425268
2021/4/21,GDEA,37.2,3.616308761
2021/4/22,GDEA,37.57,3.62620586
2021/4/23,GDEA,38.7,3.6558396
2021/4/26,GDEA,38.78,3.65790465
2021/4/27,GDEA,38.95,3.662278772
2021/4/28,GDEA,38.69,3.655581169
2021/4/29,GDEA,38.62,3.653770277
2021/4/30,GDEA,38.26,3.644404964
2021/5/6,GDEA,39.16,3.667655818
2021/5/7,GDEA,39.17,3.667911148
2021/5/10,GDEA,39.42,3.674273302
2021/5/11,GDEA,39.57,3.678071255
2021/5/12,GDEA,39.67,3.680595235
2021/5/13,GDEA,40.02,3.689379329
2021/5/14,GDEA,40.17,3.693120448
2021/5/17,GDEA,40.15,3.69262244
2021/5/18,GDEA,40.44,3.699819394
2021/5/19,GDEA,39.91,3.686626919
2021/5/20,GDEA,39.8,3.683866912
2021/5/21,GDEA,39.66,3.680343123
2021/5/24,GDEA,40.26,3.69535842
2021/5/25,GDEA,40.01,3.689129423
2021/5/26,GDEA,39.49,3.676047475
2021/5/27,GDEA,39.44,3.67478053
2021/5/28,GDEA,41.08,3.715521385
2021/5/31,GDEA,39.44,3.67478053
2021/6/1,GDEA,39.47,3.67554089
2021/6/2,GDEA,39.6,3.678829118
2021/6/3,GDEA,40.07,3.690627925
2021/6/4,GDEA,39.53,3.677059877
2021/6/7,GDEA,39.57,3.678071255
2021/6/8,GDEA,39.55,3.677565694
2021/6/9,GDEA,39.95,3.687628672
2021/6/10,GDEA,40.43,3.699572084
2021/6/11,GDEA,39.98,3.688379329
2021/6/15,GDEA,40.07,3.690627925
2021/6/16,GDEA,40.09,3.691126927
2021/6/17,GDEA,41.57,3.727378753
2021/6/18,GDEA,40.04,3.689878954
2021/6/21,GDEA,40.64,3.704752803
2021/6/22,GDEA,40.12,3.691874963
2021/6/23,GDEA,41.59,3.727859754
2021/6/24,GDEA,41.22,3.718923575
2021/6/25,GDEA,41.84,3.73385282
2021/6/28,GDEA,42.26,3.743841012
2021/6/29,GDEA,42.83,3.757238792
2021/6/30,GDEA,41.32,3.721346644
2021/7/1,GDEA,43.22,3.766303351
2021/7/2,GDEA,42.74,3.75513525
2021/7/5,GDEA,43.13,3.764218811
2021/7/6,GDEA,43.77,3.778948651
2021/7/7,GDEA,44.3,3.790984677
2021/7/8,GDEA,43.63,3.775744987
2021/7/9,GDEA,43.81,3.779862102
2021/7/10,GDEA,43.71,3.777576909
2021/7/11,GDEA,44.37,3.792563565
2021/7/12,GDEA,43.34,3.769075996
2021/7/13,GDEA,43.29,3.767921661
2021/7/14,GDEA,43.48,3.772301062
2021/7/15,GDEA,43.97,3.783507583
2021/7/16,GDEA,44.06,3.785552341
2021/7/17,GDEA,43.53,3.773450356
2021/7/18,GDEA,44.35,3.792112709
2021/7/19,GDEA,44.25,3.789855371
2021/7/20,GDEA,45.01,3.806884687
2021/7/21,GDEA,45.51,3.817932082
2021/7/22,GDEA,44.36,3.792338162
2021/7/23,GDEA,43.48,3.772301062
2021/7/26,GDEA,42.2,3.742420221
2021/7/27,GDEA,40.12,3.691874963
2021/7/28,GDEA,40.25,3.695110004
2021/7/29,GDEA,40.41,3.699077279
2021/7/30,GDEA,40.18,3.693369359
2021/8/2,GDEA,40.25,3.695110004
2021/8/3,GDEA,40.2,3.693866996
2021/8/4,GDEA,40.09,3.691126927
2021/8/5,GDEA,40.55,3.702535781
2021/8/6,GDEA,40.42,3.699324712
2021/8/9,GDEA,40.57,3.703028877
2021/8/10,GDEA,39.22,3.669186821
2021/8/11,GDEA,40.05,3.690128674
2021/8/12,GDEA,39.62,3.679334041
2021/8/13,GDEA,38.48,3.650138626
2021/8/16,GDEA,38.52,3.651177587
2021/8/17,GDEA,38.17,3.642049867
2021/8/18,GDEA,37.48,3.623807457
2021/8/19,GDEA,38.74,3.656872658
2021/8/20,GDEA,38.28,3.644927567
2021/8/23,GDEA,38.24,3.643882088
2021/8/24,GDEA,38.11,3.640476715
2021/8/25,GDEA,39.28,3.670715483
2021/8/26,GDEA,38.05,3.638901084
2021/8/27,GDEA,39.7,3.681351188
2021/8/30,GDEA,38.74,3.656872658
2021/8/31,GDEA,39.89,3.686125666
2021/9/1,GDEA,38.22,3.643358939
2021/9/2,GDEA,38.44,3.649098584
2021/9/3,GDEA,38.49,3.650398467
2021/9/6,GDEA,39,3.663561646
2021/9/7,GDEA,38.71,3.656097965
2021/9/8,GDEA,40.41,3.699077279
2021/9/9,GDEA,39.66,3.680343123
2021/9/10,GDEA,38.67,3.655064106
2021/9/13,GDEA,39.04,3.664586762
2021/9/14,GDEA,40.77,3.707946517
2021/9/15,GDEA,40.95,3.71235181
2021/9/16,GDEA,41.27,3.720135844
2021/9/17,GDEA,41.25,3.719651113
2021/9/22,GDEA,41.81,3.733135545
2021/9/23,GDEA,41.88,3.734808386
2021/9/24,GDEA,41.39,3.723039306
2021/9/27,GDEA,42.81,3.75677172
2021/9/28,GDEA,42.91,3.759104899
2021/9/29,GDEA,43.65,3.776203282
2021/9/30,GDEA,43.7,3.777348102
2021/10/8,GDEA,43.93,3.782597458
2021/10/11,GDEA,44.87,3.80376942
2021/10/12,GDEA,44.23,3.789403292
2021/10/13,GDEA,43.88,3.781458635
2021/10/14,GDEA,43.36,3.769537357
2021/10/15,GDEA,42.75,3.755369195
2021/10/18,GDEA,42.91,3.759104899
2021/10/19,GDEA,43.45,3.771610852
2021/10/20,GDEA,43.62,3.775515761
2021/10/21,GDEA,43.67,3.776661367
2021/10/22,GDEA,43.57,3.77436884
2021/10/25,GDEA,43.39,3.770229
2021/10/26,GDEA,43.12,3.763986927
2021/10/27,GDEA,43.14,3.764450641
2021/10/28,GDEA,42.61,3.752088968
2021/10/29,GDEA,43.36,3.769537357
2021/11/1,GDEA,43.51,3.772990797
2021/11/2,GDEA,43.13,3.764218811
2021/11/3,GDEA,43.36,3.769537357
2021/11/4,GDEA,42.54,3.75044481
2021/11/5,GDEA,42.52,3.749974553
2021/11/8,GDEA,43.23,3.766534699
2021/11/9,GDEA,43.3,3.768152635
2021/11/10,GDEA,43.84,3.780546643
2021/11/11,GDEA,43.5,3.772760938
2021/11/12,GDEA,44.01,3.784416881
2021/11/15,GDEA,43.67,3.776661367
2021/11/16,GDEA,43.52,3.773220603
2021/11/17,GDEA,44.49,3.795264445
2021/11/18,GDEA,43.86,3.781002743
2021/11/19,GDEA,44.42,3.793689818
2021/11/22,GDEA,44.87,3.80376942
2021/11/23,GDEA,44.89,3.804215053
2021/11/24,GDEA,45.23,3.811760583
2021/11/25,GDEA,45.16,3.810211739
2021/11/26,GDEA,45.44,3.816392774
2021/11/29,GDEA,45.08,3.808438689
2021/11/30,GDEA,45.4,3.815512105
2021/12/1,GDEA,45.28,3.812865434
2021/12/2,GDEA,46.37,3.836652698
2021/12/3,GDEA,46.99,3.849934813
2021/12/6,GDEA,47.51,3.860940215
2021/12/7,GDEA,47.52,3.861150675
2021/12/8,GDEA,47.3,3.856510295
2021/12/9,GDEA,47.8,3.867025639
2021/12/10,GDEA,49.01,3.892024359
2021/12/13,GDEA,50.1,3.914021008
2021/12/14,GDEA,52.66,3.963856154
2021/12/15,GDEA,56.38,4.032114486
2021/12/16,GDEA,57.7,4.055257174
2021/12/17,GDEA,57.65,4.054390247
2021/12/20,GDEA,57.44,4.050740925
2021/12/21,GDEA,56.68,4.037421415
2021/12/22,GDEA,53.2,3.974058396
2021/12/23,GDEA,54.87,4.004966751
2021/12/24,GDEA,56.91,4.041471073
2021/12/27,GDEA,56.97,4.042524813
2021/12/28,GDEA,54.62,4.000400116
2021/12/29,GDEA,57.11,4.044979233
2021/12/30,GDEA,53.85,3.986202404
2021/12/31,GDEA,53.22,3.974434266
2022/1/4,GDEA,54.54,3.998934377
2022/1/5,GDEA,55.92,4.023922098
2022/1/6,GDEA,55.81,4.021953065
2022/1/7,GDEA,56.56,4.035302022
2022/1/10,GDEA,57.5,4.051784948
2022/1/11,GDEA,58.59,4.070564034
2022/1/12,GDEA,59.53,4.086480387
2022/1/13,GDEA,60.48,4.102312732
2022/1/14,GDEA,59.96,4.093677673
2022/1/17,GDEA,62.51,4.135326544
2022/1/18,GDEA,60.61,4.104459896
2022/1/19,GDEA,62.63,4.137244397
2022/1/20,GDEA,64.34,4.164181522
2022/1/21,GDEA,67.03,4.20514028
2022/1/24,GDEA,68.61,4.228438297
2022/1/25,GDEA,69.15,4.236278058
2022/1/26,GDEA,68.94,4.233236561
2022/1/27,GDEA,73.25,4.293878248
2022/1/28,GDEA,77.7,4.352855257
2022/2/7,GDEA,84.8,4.440295543
2022/2/8,GDEA,92.67,4.529044796
2022/2/9,GDEA,95.26,4.556609995
2022/2/10,GDEA,85.94,4.453649378
2022/2/11,GDEA,77.35,4.348340577
2022/2/14,GDEA,73.85,4.302036009
2022/2/15,GDEA,76.59,4.33846652
2022/2/16,GDEA,77.15,4.345751579
2022/2/17,GDEA,76.43,4.336375289
2022/2/18,GDEA,76.59,4.33846652
2022/2/21,GDEA,77.28,4.34743519
2022/2/22,GDEA,77.51,4.35040696
2022/2/23,GDEA,76.02,4.330996464
2022/2/24,GDEA,73.2,4.293195421
2022/2/25,GDEA,72.24,4.279993909
2022/2/28,GDEA,71.38,4.268017718
2022/3/1,GDEA,69.44,4.24046307
2022/3/2,GDEA,69.57,4.24233344
2022/3/3,GDEA,66.95,4.203946072
2022/3/4,GDEA,66.8,4.201703081
2022/3/7,GDEA,66.55,4.197953545
2022/3/8,GDEA,66.8,4.201703081
2022/3/9,GDEA,69.71,4.244343779
2022/3/10,GDEA,69.8,4.24563401
2022/3/11,GDEA,71.72,4.272769649
2022/3/14,GDEA,75.93,4.329811863
2022/3/15,GDEA,77.45,4.349632567
2022/3/16,GDEA,77.63,4.35195395
2022/3/17,GDEA,77.18,4.346140356
2022/3/18,GDEA,77.86,4.354912342
2022/3/21,GDEA,76.23,4.333755086
2022/3/22,GDEA,75.88,4.329153145
2022/3/23,GDEA,75.66,4.326249619
2022/3/24,GDEA,76.01,4.330864911
2022/3/25,GDEA,77.87,4.35504077
2022/3/28,GDEA,80.13,4.383650316
2022/3/29,GDEA,81.2,4.396915247
2022/3/30,GDEA,81.13,4.396052806
2022/3/31,GDEA,80.16,4.384024637
2022/4/1,GDEA,79.53,4.376134309
2022/4/6,GDEA,79.71,4.378395048
2022/4/7,GDEA,79.61,4.377139713
2022/4/8,GDEA,79.88,4.380525509
2022/4/11,GDEA,82.94,4.418117455
2022/4/12,GDEA,81.28,4.397899984
2022/4/13,GDEA,80.61,4.389622711
2022/4/14,GDEA,80.22,4.38477286
2022/4/15,GDEA,80.76,4.391481793
2022/4/18,GDEA,81.05,4.395066248
2022/4/19,GDEA,80.51,4.3883814
2022/4/20,GDEA,79.4,4.374498368
2022/4/21,GDEA,79.41,4.374624305
2022/4/22,GDEA,81,4.394449155
2022/4/25,GDEA,79.7,4.378269586
2022/4/26,GDEA,79.83,4.379899374
2022/4/27,GDEA,79.83,4.379899374
2022/4/28,GDEA,80.3,4.385769621
2022/4/29,GDEA,80.03,4.382401564
2022/5/5,GDEA,79.85,4.380149875
2022/5/6,GDEA,79.61,4.377139713
2022/5/9,GDEA,79.56,4.376511454
2022/5/10,GDEA,79.54,4.37626004
2022/5/11,GDEA,80.83,4.392348184
2022/5/12,GDEA,79.89,4.380650688
2022/5/13,GDEA,79.71,4.378395048
2022/5/16,GDEA,79.08,4.370459998
2022/5/17,GDEA,78.13,4.358374106
2022/5/18,GDEA,79.06,4.370207058
2022/5/19,GDEA,79.65,4.377642036
2022/5/20,GDEA,80.24,4.385022144
2022/5/23,GDEA,80.19,4.384398819
2022/5/24,GDEA,79.62,4.377265318
2022/5/25,GDEA,79.56,4.376511454
2022/5/26,GDEA,79.45,4.375127893
2022/5/27,GDEA,78.15,4.358630057
2022/5/30,GDEA,77.45,4.349632567
2022/5/31,GDEA,78.12,4.358246106
2022/6/1,GDEA,78.59,4.364244465
2022/6/2,GDEA,77.57,4.351180755
2022/6/6,GDEA,77.71,4.352983949
2022/6/7,GDEA,78.25,4.359908829
2022/6/8,GDEA,78.21,4.359397517
2022/6/9,GDEA,80.42,4.387262901
2022/6/10,GDEA,79.97,4.381651564
2022/6/13,GDEA,79.47,4.375379592
2022/6/14,GDEA,79.13,4.37109207
2022/6/15,GDEA,79.54,4.37626004
2022/6/16,GDEA,79.11,4.370839289
2022/6/17,GDEA,79.19,4.371850028
2022/6/20,GDEA,78.44,4.362334001
2022/6/21,GDEA,78.27,4.360164388
2022/6/22,GDEA,78.6,4.364371699
2022/6/23,GDEA,78.26,4.360036617
2022/6/24,GDEA,77.24,4.346917458
2022/6/27,GDEA,79.21,4.372102553
2022/6/28,GDEA,77.25,4.347046916
2022/6/29,GDEA,78.57,4.363989947
2022/6/30,GDEA,79.02,4.369700985
2022/7/1,GDEA,78.27,4.360164388
2022/7/4,GDEA,80.01,4.382151627
2022/7/5,GDEA,79.51,4.3758828
2022/7/6,GDEA,78.31,4.360675309
2022/7/7,GDEA,79.06,4.370207058
2022/7/8,GDEA,78.99,4.369321262
2022/7/11,GDEA,79.28,4.37298589
2022/7/12,GDEA,79.19,4.371850028
2022/7/13,GDEA,79.26,4.372733588
2022/7/14,GDEA,79.32,4.373490304
2022/7/15,GDEA,79.39,4.374372416
2022/7/18,GDEA,79.48,4.375505418
2022/7/19,GDEA,79.36,4.373994463
2022/7/20,GDEA,78.25,4.359908829
2022/7/21,GDEA,78.11,4.35811809
2022/7/22,GDEA,78.83,4.367293635
2022/7/25,GDEA,78.06,4.357477762
2022/7/26,GDEA,77.73,4.353241283
2022/7/27,GDEA,77.62,4.351825126
2022/7/28,GDEA,77.8,4.354141431
2022/7/29,GDEA,79.55,4.376385755
2022/7/30,GDEA,78.03,4.357093368
2022/7/31,GDEA,79.32,4.373490304
2022/8/1,GDEA,78.7,4.365643155
2022/8/2,GDEA,78.73,4.366024277
2022/8/3,GDEA,78.99,4.369321262
2022/8/4,GDEA,79.18,4.371723742
2022/8/5,GDEA,78.86,4.367674128
2022/8/6,GDEA,79.7,4.378269586
2022/8/7,GDEA,79.82,4.3797741
2022/8/8,GDEA,79.22,4.372228792
2022/8/9,GDEA,79.35,4.373868447
2022/8/10,GDEA,74.71,4.313613952
2022/8/11,GDEA,78.6,4.364371699
2022/8/12,GDEA,77.35,4.348340577
2022/8/15,GDEA,78.39,4.361696368
2022/8/16,GDEA,78.98,4.369194656
2022/8/17,GDEA,78.99,4.369321262
2022/8/18,GDEA,77.09,4.34497357
2022/8/19,GDEA,78.28,4.360292143
2022/8/22,GDEA,78.01,4.356837024
2022/8/23,GDEA,78.76,4.366405254
2022/8/24,GDEA,79.56,4.376511454
2022/8/25,GDEA,79.45,4.375127893
2022/8/26,GDEA,79.32,4.373490304
2022/8/31,GDEA,79.31,4.373364224
2022/9/1,GDEA,78.28,4.360292143
2022/9/2,GDEA,78.05,4.357349647
2022/9/5,GDEA,75.73,4.327174383
2022/9/6,GDEA,78.2,4.359269648
2022/9/7,GDEA,78.11,4.35811809
2022/9/8,GDEA,78,4.356708827
2022/9/9,GDEA,79.23,4.372355015
2022/9/13,GDEA,78.16,4.358758008
2022/9/14,GDEA,78.28,4.360292143
2022/9/15,GDEA,73.62,4.298916728
2022/9/16,GDEA,74.55,4.311470041
2022/9/19,GDEA,79.07,4.370333536
2022/9/20,GDEA,74.61,4.312274546
2022/9/21,GDEA,75.09,4.318687394
2022/9/22,GDEA,77.11,4.345232974
2022/9/23,GDEA,77.11,4.345232974
2022/9/26,GDEA,77.88,4.355169181
2022/9/27,GDEA,77.02,4.344065128
2022/9/28,GDEA,76.18,4.333098961
2022/9/29,GDEA,76.12,4.332311042
2022/9/30,GDEA,78.29,4.360419881
2022/10/10,GDEA,76.42,4.336244442
2022/10/11,GDEA,76.84,4.341725338
2022/10/12,GDEA,77.01,4.343935284
2022/10/13,GDEA,76.13,4.332442405
2022/10/14,GDEA,76.03,4.331127999
2022/10/17,GDEA,77.42,4.349245145
2022/10/18,GDEA,77.12,4.34536265
2022/10/19,GDEA,77.35,4.348340577
2022/10/20,GDEA,76.52,4.337552145
2022/10/21,GDEA,76.41,4.336113578
2022/10/24,GDEA,76.24,4.333886259
2022/10/25,GDEA,76.05,4.331391019
2022/10/26,GDEA,75.61,4.32558855
2022/10/27,GDEA,75.9,4.329416684
2022/10/28,GDEA,76.84,4.341725338
2022/10/31,GDEA,76.91,4.342635907
2022/11/1,GDEA,78.13,4.358374106
2022/11/2,GDEA,77.08,4.344843844
2022/11/3,GDEA,77.64,4.352082758
2022/11/4,GDEA,77.88,4.355169181
2022/11/7,GDEA,76.33,4.335066046
2022/11/8,GDEA,76.21,4.333492688
2022/11/9,GDEA,76.5,4.337290741
2022/11/10,GDEA,77.24,4.346917458
2022/11/11,GDEA,76.34,4.335197047
2022/11/14,GDEA,76.28,4.334410781
2022/11/15,GDEA,76.19,4.33323022
2022/11/16,GDEA,76.06,4.331522503
2022/11/17,GDEA,77.31,4.347823313
2022/11/18,GDEA,74.28,4.307841736
2022/11/21,GDEA,77,4.343805422
2022/11/22,GDEA,77.14,4.345621953
2022/11/23,GDEA,74.17,4.306359756
2022/11/24,GDEA,74.17,4.306359756
2022/11/25,GDEA,74.81,4.314951566
2022/11/28,GDEA,74.19,4.30662937
2022/11/29,GDEA,78.42,4.362078997
2022/11/30,GDEA,78.03,4.357093368
2022/12/1,GDEA,76.8,4.34120464
2022/12/2,GDEA,76.74,4.340423085
2022/12/5,GDEA,76.38,4.335720882
2022/12/6,GDEA,77.48,4.350019839
2022/12/7,GDEA,76.75,4.340553386
2022/12/8,GDEA,76.21,4.333492688
2022/12/9,GDEA,76.83,4.341595189
2022/12/12,GDEA,76.94,4.343025897
2022/12/13,GDEA,76.43,4.336375289
2022/12/14,GDEA,76.3,4.334672938
2022/12/15,GDEA,76.74,4.340423085
2022/12/16,GDEA,75.21,4.320284201
2022/12/19,GDEA,76.88,4.342245765
2022/12/20,GDEA,77.25,4.347046916
2022/12/21,GDEA,76.47,4.336898507
2022/12/22,GDEA,77.93,4.355810988
2022/12/23,GDEA,77.93,4.355810988
2022/12/26,GDEA,77.65,4.35221155
2022/12/27,GDEA,75.14,4.31935304
2022/12/28,GDEA,76.34,4.335197047
2022/12/29,GDEA,75.66,4.326249619
2022/12/30,GDEA,75.64,4.325985244
2023/1/3,GDEA,75.98,4.330470148
2023/1/4,GDEA,75.98,4.330470148
2023/1/5,GDEA,75.52,4.324397522
2023/1/6,GDEA,75.12,4.319086835
2023/1/9,GDEA,74.21,4.306898912
2023/1/10,GDEA,74.43,4.309859086
2023/1/11,GDEA,74.28,4.307841736
2023/1/12,GDEA,74.08,4.30514559
2023/1/13,GDEA,75.61,4.32558855
2023/1/16,GDEA,74.23,4.307168381
2023/1/17,GDEA,74.16,4.306224921
2023/1/18,GDEA,74.38,4.309187088
2023/1/19,GDEA,74.21,4.306898912
2023/1/20,GDEA,74.58,4.311872375
2023/1/30,GDEA,74.28,4.307841736
2023/1/31,GDEA,74.18,4.306494572
2023/2/1,GDEA,74.3,4.308110952
2023/2/2,GDEA,74.31,4.308245532
2023/2/3,GDEA,74.14,4.305955198
2023/2/6,GDEA,74.57,4.311738282
2023/2/7,GDEA,74.8,4.314817885
2023/2/8,GDEA,76.87,4.342115683
2023/2/9,GDEA,76.35,4.335328032
2023/2/10,GDEA,76.1,4.332048265
2023/2/13,GDEA,76.22,4.333623895
2023/2/14,GDEA,76.85,4.34185547
2023/2/15,GDEA,76.71,4.340032078
2023/2/16,GDEA,77.21,4.346528982
2023/2/17,GDEA,77.23,4.346787983
2023/2/20,GDEA,77.26,4.347176357
